{
    "install": "messages/install.txt",
    "2012.11.08.20.00.00": "messages/1.txt",
    "2012.11.12.11.00.00": "messages/2.txt",
    "2012.11.26.11.00.00": "messages/3.txt",
    "2012.12.17.11.00.00": "messages/4.txt",
    "2013.07.29.11.00.00": "messages/5.txt",
    "2013.08.05.11.00.00": "messages/6.txt",
    "2013.09.03.11.00.00": "messages/7.txt",
    "2013.11.05.11.00.00": "messages/8.txt",
    "1.0.0": "messages/8.txt",
    "1.1.0": "messages/1.1.0.txt",
    "1.1.1": "messages/1.1.1.txt",
    "1.2.0": "messages/1.2.0.txt",
    "1.2.1": "messages/1.2.1.txt",
    "1.3.0": "messages/1.3.0.txt",
    "1.4.0": "messages/1.4.0.txt",
    "1.4.3": "messages/1.4.3.txt",
    "1.5.0": "messages/1.5.0.txt",
    "1.5.1": "messages/1.5.1.txt",
    "1.6.0": "messages/1.6.0.txt",
    "1.7.0": "messages/1.7.0.txt"
}
